{
    "Stats": {
        "Weapon": {
            "Health": 100,
            "Mana": 100,
            "Stamina": 100,
            "Hunger": 100,
            "Oxygen": 100,
            "Strength": 10,
            "WeaponDmg": 5,
            "WWeight": 5,
            "AtkSpd": 5,
            "Earth": 3,
            "Water": 0,
            "Fire": 2,
            "Wind": -3,
            "Light": 2,
            "Dark": 0,
            "Power": 50,
            "Recovery": 100,
            "SRecovery": 100,
            "ORecovery": 100,
            "SRegenSpd": 50,
            "SLoseSpd": 50,
            "MobDmg": 100,
            "Speed": 100,
            "BaseMana": 100,
            
            "Defense": {
                "Physical": 10,
                "Earth": 3,
                "Water": 0,
                "Fire": 2,
                "Wind": -3,
                "Light": 2,
                "Dark": 0,
                "True": 1
            }
        },
        "Shield": {
            "Health": 100,
            "Mana": 100,
            "Stamina": 100,
            "Hunger": 100,
            "Oxygen": 100,
            "Strength": 10,
            "WeaponDmg": 5,
            "WWeight": 5,
            "AtkSpd": 5,
            "Earth": 3,
            "Water": 0,
            "Fire": 2,
            "Wind": -3,
            "Light": 2,
            "Dark": 0,
            "Power": 50,
            "Recovery": 100,
            "SRecovery": 100,
            "ORecovery": 100,
            "SRegenSpd": 50,
            "SLoseSpd": 50,
            "MobDmg": 100,
            "Speed": 100,
            "BaseMana": 100,
            
            "Defense": {
                "Physical": 10,
                "Earth": 3,
                "Water": 0,
                "Fire": 2,
                "Wind": -3,
                "Light": 2,
                "Dark": 0,
                "True": 1
            }
        },
        "Helmet": {
            "Health": 100,
            "Mana": 100,
            "Stamina": 100,
            "Hunger": 100,
            "Oxygen": 100,
            "Strength": 10,
            "WeaponDmg": 5,
            "WWeight": 5,
            "AtkSpd": 5,
            "Earth": 3,
            "Water": 0,
            "Fire": 2,
            "Wind": -3,
            "Light": 2,
            "Dark": 0,
            "Power": 50,
            "Recovery": 100,
            "SRecovery": 100,
            "ORecovery": 100,
            "SRegenSpd": 50,
            "SLoseSpd": 50,
            "MobDmg": 100,
            "Speed": 100,
            "BaseMana": 100,
            
            "Defense": {
                "Physical": 10,
                "Earth": 3,
                "Water": 0,
                "Fire": 2,
                "Wind": -3,
                "Light": 2,
                "Dark": 0,
                "True": 1
            }
        },
        "Chestplate": {
            "Health": 100,
            "Mana": 100,
            "Stamina": 100,
            "Hunger": 100,
            "Oxygen": 100,
            "Strength": 10,
            "WeaponDmg": 5,
            "WWeight": 5,
            "AtkSpd": 5,
            "Earth": 3,
            "Water": 0,
            "Fire": 2,
            "Wind": -3,
            "Light": 2,
            "Dark": 0,
            "Power": 50,
            "Recovery": 100,
            "SRecovery": 100,
            "ORecovery": 100,
            "SRegenSpd": 50,
            "SLoseSpd": 50,
            "MobDmg": 100,
            "Speed": 100,
            "BaseMana": 100,
            
            "Defense": {
                "Physical": 10,
                "Earth": 3,
                "Water": 0,
                "Fire": 2,
                "Wind": -3,
                "Light": 2,
                "Dark": 0,
                "True": 1
            }
        },
        "Leggings": {
            "Health": 100,
            "Mana": 100,
            "Stamina": 100,
            "Hunger": 100,
            "Oxygen": 100,
            "Strength": 10,
            "WeaponDmg": 5,
            "WWeight": 5,
            "AtkSpd": 5,
            "Earth": 3,
            "Water": 0,
            "Fire": 2,
            "Wind": -3,
            "Light": 2,
            "Dark": 0,
            "Power": 50,
            "Recovery": 100,
            "SRecovery": 100,
            "ORecovery": 100,
            "SRegenSpd": 50,
            "SLoseSpd": 50,
            "MobDmg": 100,
            "Speed": 100,
            "BaseMana": 100,
            
            "Defense": {
                "Physical": 10,
                "Earth": 3,
                "Water": 0,
                "Fire": 2,
                "Wind": -3,
                "Light": 2,
                "Dark": 0,
                "True": 1
            }
        },
        "Boots": {
            "Health": 100,
            "Mana": 100,
            "Stamina": 100,
            "Hunger": 100,
            "Oxygen": 100,
            "Strength": 10,
            "WeaponDmg": 5,
            "WWeight": 5,
            "AtkSpd": 5,
            "Earth": 3,
            "Water": 0,
            "Fire": 2,
            "Wind": -3,
            "Light": 2,
            "Dark": 0,
            "Power": 50,
            "Recovery": 100,
            "SRecovery": 100,
            "ORecovery": 100,
            "SRegenSpd": 50,
            "SLoseSpd": 50,
            "MobDmg": 100,
            "Speed": 100,
            "BaseMana": 100,
            
            "Defense": {
                "Physical": 10,
                "Earth": 3,
                "Water": 0,
                "Fire": 2,
                "Wind": -3,
                "Light": 2,
                "Dark": 0,
                "True": 1
            }
        },
        "Bow": {
            "Power": 50,
            "Earth": 3,
            "Water": 0,
            "Fire": 2,
            "Wind": -3,
            "Light": 2,
            "Dark": 0,
            
            "Defense": {
                "Physical": 10,
                "Earth": 3,
                "Water": 0,
                "Fire": 2,
                "Wind": -3,
                "Light": 2,
                "Dark": 0,
                "True": 1
            }
        },
        "Wand": {
            "Ability": 0,
            "MagicDmg": 10,
            "Earth": 3,
            "Water": 0,
            "Fire": 2,
            "Wind": -3,
            "Light": 2,
            "Dark": 0,
            "True": 1
        },
        "Ability": {
            "SelAbil": 0,
            "Custom": ["Dodge"]
        },
        "Food": {
            "Left": 500,
            "Max": 500,
            "Hunger": 10
        }
    }
}